Museum_Name,Museum_ID,State
"1000 ISLANDS MUSEUMS",8403601586,NY
"100TH MERIDIAN MUSEUM",8403100349,NE
"102ND INFANTRY REGIMENT MUSEUM",8400900224,CT
"103RD OHIO VOLUNTEER INFANTRY CIVIL WAR MUSEUM",8403900339,OH
"1078 GALLERY",8400601670,CA
"125TH NEW YORK REGIMENTAL ASSOCIATION",8403601146,NY
"12TH ARMORED DIVISION MEMORIAL MUSEUM",8404800779,TX
"14 FLAGS MUSEUM",8409400002,OK
"150TH APPOMATTOX - APPOMATTOX HISTORICAL SOCIETY",8403601096,NY
"1696 THOMAS MASSEY HOUSE",8404200404,PA
"1699 HISTORICAL SOCIETY",8402800163,MS
"1708 GALLERY",8405100638,VA
"1719 HANS HERR HOUSE & MUSEUM",8409400003,PA
"1719 WILLIAM TRENT HOUSE MUSEUM",8409400004,NJ
"1749 COURT HOUSE MUSEUM",8402500602,MA
"1759 VOUGHT HOUSE",8403400168,NJ
"1761 POWNALBOROUGH COURTHOUSE",8409400005,ME
"1794 MEETINGHOUSE",8402500424,MA
"17TH VIRGINIA VOLUNTEER INFANTY COMPANIES A-K LIVING HISTORY",8403400747,NJ
"1811 LINCOLN COUNTY MUSEUM & OLD JAIL",8409400006,ME
"1812 HOMESTEAD",8403600504,NY
"1816 FARMINGTON QUAKER MEETINGHOUSE MUSEUM",8403602092,NY
"1817 SADDLE FACTORY MUSEUM",8409400007,KY
"1839 COURT HOUSE MUSEUM",8402600200,MI
"1844 CONCORD SCHOOL LOG CABIN HISTORICAL SOCIETY",8402900148,MO
"1850 HOUSE",8402200089,LA
"1859 ASHTON VILLA",8404800353,TX
"1859 JAIL MARSHAL'S HOME & MUSEUM",8402900125,MO
"1881 COURTHOUSE MUSEUM",8404600047,SD
"1889 SOUTH FORK FISHING AND HUNTING HISTORICAL PRESERVATION SOCIETY",8404201204,PA
"1890 HOUSE MUSEUM AND CENTER FOR THE ARTS",8403600795,NY
"1897 CLARK COUNTY JAIL MUSEUM",8405500181,WI
"1897 POE HOUSE MUSEUM",8403700128,NC
"18TH STREET ARTS COMPLEX",8400602747,CA
"1908 COURTHOUSE FOUNDATION",8405100685,VA
"1930S GENERAL STORE MUSEUM",8400601272,CA
"1932 & 1980 LAKE PLACID WINTER OLYMPIC MUSEUM",8403601519,NY
"1937 CHINA MUSEUM",8409400008,CA
"1940 AIR TERMINAL MUSEUM",8404800360,TX
"19TH CENTURY RURAL FARMHOUSE MUSEUM",8402300075,ME
"1ST CAVALRY DIVISION MUSEUM",8404802028,TX
"21C MUSEUM HOTEL - BENTONVILLE",8409400009,AR
"21C MUSEUM HOTEL - CINCINNATI",8409400010,OH
"21C MUSEUM HOTEL - DURHAM",8409400011,NC
"21C MUSEUM HOTEL - LOUISVILLE",8409400012,KY
"24TH VIRGINIA VOLUNTEER INFANTRY REGIMENT",8405100728,VA
"27TH INFANTRY REGIMENTAL HISTORICAL SOCIETY",8403901404,OH
"2ND COMPANY GOVERNOR'S FOOT GUARD OF CONNECTICUT",8400900377,CT
"2ND FLORIDA VOLUNTEERS LIVING HISTORY",8401200288,FL
"31 E HISTORICAL SOCIETY",8405100332,VA
"310TH BOMB WING VETERANG HISTORICAL",8404700554,TN
"361 VETERANS ASSOCIATION",8403600695,NY
"369TH HISTORICAL SOCIETY",8403600859,NY
"371ST HISTORICAL SOCIETY",8404500178,SC
"39TH FIGHTER SQUADRON MUSEUM",8400800332,CO
"3D CENTER ART & PHOTOGRAPHY",8404100496,OR
"3D STREET GALLERY",8403800037,ND
"3S CONTEMPORARY ARTS SPACE",8403300359,NH
"4 RIVER VALLEYS HISTORICAL SOCIETY",8403601769,NY
"416TH BOMB GROUP ARCHIVE",8402900711,MO
"44TH INDIANA CIVIL WAR HISTORICAL ASSOCIATION",8401800745,IN
"45TH INFANTRY DIVISION MUSEUM",8404000107,OK
"463RD BOMB GROUP HISTORICAL SOCIETY",8400601421,CA
"4TH ARMORED DIVISION HISTORICAL PRESERVATION GROUP",8404201656,PA
"4TH BATTALION OF ARTILLERY- CONTINENTAL AND ROYAL A HISTORICAL",8402600677,MI
"4TH INFANTRY DIVISION MUSEUM",8404801201,TX
"500 MUSEUM OF WHEELS",8401800185,IN
"511 GALLERY",8409502661,OR
"516 ARTS",8403500103,NM
"5TH MASS BATTERY E LIGHT ARTILLERY ARMY OF POTOMAC",8402500722,MA
"621 GALLERY",8401200882,FL
"64TH REGIMENT OF FOOT",8405100542,VA
"69TH PENNSYLVANIA VOLUNTEER INFANTRY",8404200781,PA
"6BC BOTANICAL GARDEN",8403600917,NY
"6TH PENNSYLVANIA REGIMENT",8404201293,PA
"71ST PENNSYLVANIA VOLUNTEER INFANTRY FIRST CALIFORNIA",8404200854,PA
"761ST TANK BATTALION & ALLIED VETERANS ASSOCIATION",8404801239,TX
"76TH REGIMENT OF FOOT HISTORICAL SOCIETY",8405100527,VA
"78TH DIVISION HISTORICAL HOLDING",8409400014,NJ
"7TH IOWA VOLUNTEER CAVALARY",8401900506,IA
"800 GALLERY & ROTARY ICE HOUSE GALLERY",8409400015,NJ
"81ST ARMY RESERVE COMMAND HISTORICAL HOLDING",8409400016,AL
"82ND AIRBORNE DIVISION HISTORICAL INSTITUTE",8403600474,NY
"82ND AIRBORNE DIVISION HISTORICAL SOCIETY",8403700799,NC
"82ND WAR MEMORIAL MUSEUM",8403700119,NC
"87TH INFANTRY DIVISION LEGACY ASSOCIATION",8401701341,IL
"888 WOMENS HISTORY PROJECT",8402500995,MA
"8TH AIR FORCE MUSEUM",8409400017,LA
"8TH REGIMENT CONNECTICUT VOLUNTEERS COMPANY A",8400900253,CT
"9-11 MEMORIAL GARDEN OF REFLECTION",8404201567,PA
"911 RESPONDERS REMEMBERED PARK",8403602118,NY
"94TH INF DIV HISTORICAL SOCIETY",8404201684,PA
"97TH PENNSYLVANIA VOLUNTEER INSANTRY COMPANY A",8401200600,FL
"99TH BOMBARDMENT GROUP HISTORICAL SOCIETY",8400500304,AR
"99TH RSC MUSEUM",8404201490,PA
"9TH AND 10TH (HORSE) CAVALRY ASSOCIATION",8400100191,AL
"A B GRAHAM MEMORIAL CENTER",8403901084,OH
"A C MCMILLAN AFRICAN AMERICAN MUSEUM",8404800395,TX
"A CHRISTMAS STORY HOUSE & MUSEUM",8409400018,OH
"A D BUCK MUSEUM",8404000106,OK
"A E BEAN BACKUS GALLERY & MUSEUM",8401200907,FL
"A FRENCH AMERICAN MUSEUM OF CHICAGO",8401701251,IL
"A J DREXEL PICTURE GALLERY",8409502662,PA
"A L LEWIS HISTORICAL SOCIETY",8401201039,FL
"A LIGHT IN THE WORLD MUSEUM",8405400048,WV
"A P B A HISTORICAL SOCIETY",8402600608,MI
"A W PERRY HOMESTEAD MUSEUM SOCIETY",8404800795,TX
"A. JEWELL SCHOCK NATURAL HISTORY MUSEUM",8409501095,NE
"A. PHILIP RANDOLPH PULLMAN PORTER MUSEUM",8401700857,IL
"A.D. BUCK MUSEUM OF NATURAL HISTORY AND SCIENCE",8409501096,OK
"A.E. HOWELL WILDLIFE CONSERVATION CENTER & SPRUCE ACRES REFUGE",8409400019,ME
"A.E. SEAMAN MINERALOGICAL MUSEUM",8402600223,MI
"A.M. AND ALMA FIEDLER MEMORIAL MUSEUM",8409501286,TX
"A.M. BROWN HOUSE",8409501247,AL
"A.W. PERRY HOMESTEAD MUSEUM",8404801829,TX
"A.W.A. ELECTRONIC-COMMUNICATION MUSEUM",8409400020,NY
"AARON DOUGLAS GALLERY",8409502663,TN
"ABBE MUSEUM",8402300091,ME
"ABBEVILLE COUNTY HISTORICAL SOCIETY",8404500372,SC
"ABBEVILLE CULTURAL & HISTORICAL ALLIANCE",8402200362,LA
"ABBEY WEED GREY GALLERY FUND",8402700659,MN
"ABBITT PLANETARIUM",8409500231,VA
"ABBOT HISTORICAL SOCIETY",8402300288,ME
"ABBOT-DOWNING HISTORICAL SOCIETY",8403300108,NH
"ABERCROMBIE GALLERY",8409502664,LA
"ABERDEEN HERITAGE TRUST",8402400291,MD
"ABERDEEN HUNGINGTON TOWNSHIP MUSEUM",8403901423,OH
"ABERDEEN MUSEUM",8405300442,WA
"ABERDEEN ROOM ARCHIVES AND MUSEUM",8402400660,MD
"ABIGAIL ADAMS HISTORICAL SOCIETY",8402500652,MA
"ABILENE CHRISTIAN UNIVERSITY MUSEUM",8409501287,TX
"ABILENE PRESERVATION LEAGUE",8404801472,TX
"ABILENE SMOKEY VALLEY RAILROAD ASSOCIATION",8402000417,KS
"ABILENE ZOOLOGICAL SOCIETY",8404801431,TX
"ABINGDON HISTORICAL SOCIETY",8401701154,IL
"ABINGTON ART CENTER",8404200487,PA
"ABINGTON HISTORICAL SOCIETY",8401800697,IN
"ABOVE & BEYOND CHILDREN'S MUSEUM",8405500590,WI
"ABQ BIOPARK BOTANIC GARDEN",8409501912,NM
"ABRAHAM BROWNE HOUSE",8402500197,MA
"ABRAHAM FETTERS-WHITE SCHOOL",8404201611,PA
"ABRAHAM LINCOLN ASSOCIATION",8401701206,IL
"ABRAHAM LINCOLN BIRTHPLACE NHP",8402100479,KY
"ABRAHAM LINCOLN BRIGADE ARCHIVES",8403600802,NY
"ABRAHAM LINCOLN FOUNDATION",8404200768,PA
"ABRAHAM LINCOLN LIBRARY AND MUSEUM",8404700347,TN
"ABRAHAM LINCOLN PRESIDENTIAL LIBRARY & MUSEUM",8401701136,IL
"ABRAHAM STAATS HOUSE",8403400511,NJ
"ABRAM DEMAREE HOMESTEAD",8403400256,NJ
"ABRAMS PLANETARIUM",8409500232,MI
"ABSECON HISTORICAL SOCIETY",8403400337,NJ
"ABSENTEE-SHAWNEE TRIBE OF OKLAHOMA",8404000010,OK
"ACADEMY ART MUSEUM",8402400603,MD
"ACADEMY BUILDING MUSEUM",8401800132,IN
"ACADEMY HALL MUSEUM",8400900106,CT
"ACADEMY INTERACTIVE ARTS SCIENCES",8400602841,CA
"ACADEMY OF ART UNIVERSITY AUTO MUSEUM",8409501289,CA
"ACADEMY OF CULTURAL & HISTORICAL EXCELLENCE",8402100154,KY
"ACADEMY OF MODEL AERONAUTICS/NATIONAL MODEL AVIATION MUSEUM",8409400021,IN
"ACADEMY OF MOTION PICTURE ARTS AND SCIENCES MUSEUM",8409401140,CA
"ACADEMY OF NATURAL SCIENCES OF DREXEL UNIVERSITY",8409501097,PA
"ACADEMY OF SCIENCE OF ST LOUIS",8402900309,MO
"ACADIA NATIONAL PARK",8402300562,ME
"ACADIAN HERITAGE & CULTURE FOUNDATION",8402200340,LA
"ACADIAN MUSEUM",8402200087,LA
ACCINOSCO,8403601706,NY
"ACCOHANNOCK INDIAN TRIBE",8402400489,MD
"ACCOUNTANCY MUSEUM OF THE TEXAS SOCIETY",8404801672,TX
"ACE BASIN NATIONAL ESTUARINE RESEARCH RESERVE",8409400022,SC
"ACE MUSEUM",8400601055,CA
"ACEQUIA MADRE HOUSE",8403500101,NM
"ACES MUSEUM HONORING BLACK & MINORITY VETERANS OF WWII",8404200871,PA
"ACHESON PLANETARIUM",8409500233,MI
"ACKLAND ART MUSEUM",8409502665,NC
"ACKLEY HERITAGE CENTER",8401900447,IA
"ACME HERITAGE SOCIETY",8402601093,MI
"ACRES HOMES HISTORICAL SOCIETY",8404800735,TX
"ACROSS THE BRIDGE EASTSIDE CHILDREN'S MUSEUM",8405300505,WA
"ACRYLIC MUSEUM",8400600555,CA
"ACTION WILDLIFE FOUNDATION",8400900233,CT
"ACTON ARBORETUM",8402500458,MA
"ACTON HISTORICAL SOCIETY",8402500362,MA
"ACWORTH HISTORICAL SOCIETY",8403300232,NH
"AD GALLERY",8409502666,WA
"ADA HISTORICAL SOCIETY",8402600338,MI
"ADAIR COUNTY HISTORICAL SOCIETY",8401900400,IA
"ADAIR HERITAGE ASSOCIATION",8402100266,KY
"ADAM BRINSON HISTORICAL SOCIETY",8401300317,GA
"ADAM EAST MUSEUM AND ART CENTER",8405300134,WA
"ADAM LEVENTHAL MEMORIAL SCHOOL & MUSEUM CALIF PUB BENEFIT COMPANY",8400600640,CA
"ADAM THOROUGHGOOD HOUSE",8405101070,VA
"ADAMS COUNTY HISTORICAL SOCIETY",8400800681,CO
"ADAMS HISTORICAL SOCIETY",8402500423,MA
"ADAMS MEMORIAL SOCIETY",8401200284,FL
"ADAMS MILL",8401800255,IN
"ADAMS MUSEUM",8404600043,SD
"ADAMS NATIONAL HISTORICAL PARK",8402501131,MA
"ADAMSON HOUSE MUSEUM",8400600608,CA
"ADAN E. TREGANZA ANTHROPOLOGY MUSEUM",8400600561,CA
"ADDISON CENTER FOR THE ARTS",8401700789,IL
"ADDISON GALLERY OF AMERICAN ART",8402501094,MA
"ADDISON HISTORICAL MUSEUM",8401700256,IL
"ADDISON HISTORICAL SOCIETY",8401700411,IL
"ADDISON TOWN HISTORICAL SOCIETY",8405000113,VT
"ADDISON/RIPLEY GALLERY",8401100177,DC
"ADELPHI UNIVERSITY GALLERIES",8409502667,NY
"ADENA MANSION AND GARDENS SOCIETY",8403900447,OH
"ADENA STATE MEMORIAL",8403900209,OH
"ADEPT NEW AMERICAN FOLK CENTER",8403600439,NY
"ADIRONDACK ARCHITECTURAL HERITAGE",8403601882,NY
"ADIRONDACK HISTORICAL ASSOCIATION",8403601003,NY
"ADIRONDACK HISTORY CENTER",8403600398,NY
"ADIRONDACK MENNONITE HERITAGE FARM",8403601478,NY
"ADIRONDACK MUSEUM",8403600402,NY
"ADIRONDACK RAILWAY PRESERVATION SOCIETY",8403601881,NY
"ADIRONDACK WOMEN IN HISTORY",8403601175,NY
"ADKINS ARBORETUM",8402400364,MD
"ADKINS HISTORICAL AND MUSEUM COMPLEX",8402400499,MD
"ADLER PLANETARIUM & ASTRONOMY MUSEUM",8401700971,IL
"ADM & SMSU ENVIRONMENTAL LEARNING AREA",8409501292,MN
"ADMINISTRATION BUILDING GALLERY",8409502668,MO
"ADOBE DESIGN CENTER AND SHOWROOM",8401100066,DC
"ADOBE MOUNTAIN RAILROAD MUSEUM AND DESERT RAILROAD",8400400103,AZ
"ADOLPHUS BUSCH HALL",8402501109,MA
"ADRIANA HESS AUDUBON CENTER",8405300742,WA
"ADSMORE MUSEUM",8402100077,KY
"ADVANCEMENT OF NEGRO COUNTRY LIFE",8404200319,PA
"ADVENTURE AQUARIUM",8409500002,NJ
"ADVENTURE SCIENCE CENTER",8409500234,TN
"ADVENTURE SCIENCE CENTER NASHVILLE",8404700346,TN
"ADVENTURES IN HEALTH",8403700842,NC
"ADVERTISING ICON MUSEUM",8402900153,MO
"AERONAUTICAL HERITAGE MUSEUM",8400601465,CA
"AERONAUTICS MUSEUM FOUNDATION",8402600502,MI
"AERONCA AIRCRAFT HISTORY MUSEUM",8402600386,MI
"AEROSPACE DISCOVERY AT FLORIDA AIR MUSEUM",8409500235,FL
"AEROSPACE HERITAGE FOUNDATION OF UTAH",8404900173,UT
"AEROSPACE HISTORICAL SOCIETY",8400602858,CA
"AEROSPACE MUSEUM OF CALIFORNIA FOUNDATION",8400602365,CA
"AEROSPACE RESOURCE CENTER",8403400396,NJ
"AFFTON HISTORICAL SOCIETY",8402900199,MO
"AFRICAN AMERCN MUSEUM RESOURCE CENTER",8403200152,NV
"AFRICAN AMERICAN ART AND CULTURAL SOCIETY",8404000224,OK
"AFRICAN AMERICAN ART AND CULTURE",8400600615,CA
"AFRICAN AMERICAN ATELIER",8403700129,NC
"AFRICAN AMERICAN CIVIL WAR MEMORIAL",8401100167,DC
"AFRICAN AMERICAN COLLECTION OF MAINE",8409501293,ME
"AFRICAN AMERICAN CULTURAL & HISTORICAL MUSEUM",8402600790,MI
"AFRICAN AMERICAN CULTURAL CENTER",8409501294,MD
"AFRICAN AMERICAN CULTURAL CENTER AND MUSEUM",8402200385,LA
"AFRICAN AMERICAN CULTURAL SOCIETY",8403200174,NV
"AFRICAN AMERICAN DIVERSITY CULTURAL CENTER HAWAII",8401500099,HI
"AFRICAN AMERICAN EDUCATION AND RESEARCH ORGANIZATION",8403700701,NC
"AFRICAN AMERICAN FIREFIGHTER HISTORICAL SOCIETY",8402400242,MD
"AFRICAN AMERICAN FIREFIGHTER MUSEUM",8400602851,CA
"AFRICAN AMERICAN GENEALOGICAL SOCIETY OF NORTHERN CALIFORINIA",8400602134,CA
"AFRICAN AMERICAN GENEALOGY GROUP",8404200769,PA
"AFRICAN AMERICAN GENEALOGY SOCIETY OF MILWAUKEE",8405500697,WI
"AFRICAN AMERICAN HERITAGE",8403400110,NJ
"AFRICAN AMERICAN HERITAGE ASSOCIATION",8400500106,AR
"AFRICAN AMERICAN HERITAGE CENTER",8402100216,KY
"AFRICAN AMERICAN HERITAGE FOUNDATION",8401900507,IA
"AFRICAN AMERICAN HERITAGE MUSEUM & BLACK VETERANS ARCHIVES",8401700902,IL
"AFRICAN AMERICAN HERITAGE MUSEUM HOME",8403700741,NC
"AFRICAN AMERICAN HERITAGE MUSEUM OF SOUTHERN NEW JERSEY",8403400104,NJ
"AFRICAN AMERICAN HERITAGE PRESERVATION GROUP",8402400253,MD
"AFRICAN AMERICAN HERITAGE PROJECT",8404801762,TX
"AFRICAN AMERICAN HERITAGE SOCIETY",8402400506,MD
"AFRICAN AMERICAN HERITAGE SOCIETY MUSEUM",8404700467,TN
"AFRICAN AMERICAN HERITAGE SOCIETY OF MAURY COUNTY",8404700252,TN
"AFRICAN AMERICAN HERITAGE TRAIL",8400100163,AL
"AFRICAN AMERICAN HERITAGE TRAIL OF MARTHA'S VINEYARD",8402500541,MA
"AFRICAN AMERICAN HERTIAGE FAMILY TREE MUSUEM",8405400198,WV
"AFRICAN AMERICAN HISTORICAL & CIVIL RIGHTS MUSEUM",8402700595,MN
"AFRICAN AMERICAN HISTORICAL & MULTI-CULTURAL ARTS CENTER OF LUFKIN",8404800637,TX
"AFRICAN AMERICAN HISTORICAL AND CULTURAL MUSEUM OF THE SAN JOAQUIN VALLEY",8400601939,CA
"AFRICAN AMERICAN HISTORICAL AND CULTURAL SOCIETY OF BUCKS COUNTY",8404200914,PA
"AFRICAN AMERICAN HISTORICAL AND GENEALOGICAL SOCIETY OF SURRY COUNTY",8403700351,NC
"AFRICAN AMERICAN HISTORICAL ASSOCIATION OF FAIRFIELD COUNTY",8400900505,CT
"AFRICAN AMERICAN HISTORICAL RESEARCH AND PRESERVATION",8403700613,NC
"AFRICAN AMERICAN HISTORICAL SOCIETY",8403602079,NY
"AFRICAN AMERICAN HISTORICAL SOCIETY OF PORTSMOUTH",8405100830,VA
"AFRICAN AMERICAN LEGACY PROJECT OF NORTHWEST OHIO",8403900494,OH
"AFRICAN AMERICAN METHODIST HERITAGE CENTER",8403400130,NJ
"AFRICAN AMERICAN MILITARY HISTORY MUSEUM",8402800050,MS
"AFRICAN AMERICAN MULTICULTURAL MUSEUM",8400400262,AZ
"AFRICAN AMERICAN MUSEUM",8403900321,OH
"AFRICAN AMERICAN MUSEUM AND CULTURAL CENTER OF NEW MEXICO",8403500081,NM
"AFRICAN AMERICAN MUSEUM IN PHILADELPHIA",8404200502,PA
"AFRICAN AMERICAN MUSEUM MEMORIAL",8404700214,TN
"AFRICAN AMERICAN MUSEUM OF FINE ARTS",8400601246,CA
"AFRICAN AMERICAN MUSEUM OF THE ARTS",8401200956,FL
"AFRICAN AMERICAN NATIONAL HERITAGE SOCIETY",8404801309,TX
"AFRICAN AMERICAN OF GRAYSON COUNTY EXPERIENCE COMMUNITY MUSEUM",8404800864,TX
"AFRICAN AMERICAN SCHOOLHOUSE MUSEUM & HERITAGE COUNCIL",8402400244,MD
"AFRICAN AMERICAN SPORTS MUSEUM",8401300647,GA
"AFRICAN ART MUSEUM OF MARYLAND",8402400375,MD
"AFRICAN BEAD MUSEUM",8402600201,MI
"AFRICAN HERITAGE CULTURAL ARTS CENTER",8401200232,FL
"AFRICAN HOLOCAUST MEMORIAL COMMISSION",8401700852,IL
"AFRICAN MEETING HOUSE",8402500218,MA
"AFRICAN RAINFOREST NATURE CENTER",8402400111,MD
"AFRICAN ROCK ARTS",8401700885,IL
"AFRICAN ROOTS MUSEUM",8404700245,TN
"AFRICAN SAFARI WILDLIFE PARK",8409500003,OH
"AFRICAN THEOLOGICAL ARCHMINISTRY",8404500257,SC
"AFRICAN-AFRICAN AMERICAN HISTORICAL SOCIETY",8401800576,IN
"AFRICAN-AMERICAN COMMUNITY ASSOCIATION OF JEFFERSON COUNTY",8405400212,WV
"AFRICAN-AMERICAN HALL OF FAME MUSEUM",8401701092,IL
"AFRICAN-AMERICAN HERITAGE MUSEUM AND BLACK VETERAN'S ARCHIVES",8401700263,IL
"AFRICAN-AMERICAN HERITAGE MUSM",8401700264,IL
"AFRICAN-AMERICAN HISTORICAL ASSOCIATION OF NEWTON COUNTY",8401300281,GA
"AFRICAN-AMERICAN MUSEUM - BOWLING GREEN AREA",8402100230,KY
"AFRICAN-AMERICAN RESEARCH LIBRARY AND CULTURAL CENTER",8401300707,GA
"AFRICAN-AMERICAN WAX MUSEUM OF HARLEM",8403600435,NY
"AFRICAN-ATLANTIC GENEALOGICAL SOCIETY",8403600636,NY
"AFRICANA RESEARCH MUSEUM",8403600418,NY
"AFRICIAN AMERICAN ALLIANCE",8401300712,GA
AFRITERRA,8401200971,FL
"AFRO-AMERICAN HISTORICAL AND GENEALOGICAL SOCIETY",8400800344,CO
"AFRO-AMERICAN MUSEUM",8400600585,CA
"AFTON HISTORICAL SOCIETY",8402700384,MN
"AG HERITAGE PARK",8402000478,KS
"AGAPE CHILDRENS MUSEUM",8409400024,CA
"AGATE FOSSIL BEDS NATIONAL MONUMENT",8403100376,NE
"AGAWAM HISTORICAL ASSOCIATION",8402501090,MA
"AGECROFT HALL",8405100609,VA
"AGER HOUSE",8405500137,WI
"AGNESS ILLAHE MUSEUM",8404100292,OR
"AGRICULTURAL AND INDUSTRIAL MUSEUM",8404200678,PA
"AGRICULTURAL HALL OF FAME",8402000227,KS
"AGRICULTURAL HERITAGE CENTER",8404500318,SC
"AGRICULTURAL HERITAGE MUSEUM",8404600044,SD
"AGRICULTURAL HISTORY PROJECT",8400601907,CA
"AGRICULTURE HERITAGE MUSEUM",8404801811,TX
"AGRICULTURE MUSEUM OF MERCED COUNTY",8400601963,CA
"AGUA CALIENTE",8400400381,AZ
"AGUA CALIENTE CULTURAL MUSEUM",8400601260,CA
"AH-TAH-THI-KI MUSEUM",8401201272,FL
"AHA ABENAKI HELPING ABENAKI",8405000298,VT
"AHA! A HAND'S ON ADVENTURE: A CHILDREN'S MUSEUM",8403900297,OH
"AHEPA NEW SMYRNA MEMORIAL",8401200967,FL
"AHLAM SAED ACADEMY & COMMUNITY SCIENCE CENTER",8400602489,CA
"AHNE ROAD FARMS",8401700844,IL
"AHRNSBRAK GALLERY",8409502669,WI
"AHTANUM VALLEY MUSEUM",8405300154,WA
"AHUENA HEIAU",8401500151,HI
"AIDRON DUCKWORTH ART MUSEUM",8403300408,NH
"AIDS & INFECTIOUS DISEASE SCIENCE CENTER",8401200551,FL
"AIDS MUSEUM",8402400172,MD
"AIKEN ANTIQUE POWER ASSOCIATION",8404500108,SC
"AIKEN COUNTY HISTORICAL SOCIETY",8404500234,SC
"AIKEN RAILROAD DEPOT",8404500339,SC
"AIKEN-RHETT HOUSE",8404500079,SC
"AINSLEY HOUSE",8400600576,CA
"AIR & MILITARY MUSEUM OF THE OZARKS",8402900472,MO
"AIR & MISSLE MUSEUM",8404500288,SC
"AIR ACRES MUSEUM",8401300440,GA
"AIR CLASSICS MUSEUM",8401700261,IL
"AIR COMBAT MUSEUM",8401701118,IL
"AIR FORCE ARMAMENT MUSEUM",8401200258,FL
"AIR FORCE ENLISTED HERITAGE RESEARCH INSTITUTE/HERITAGE HALL",8409501195,AL
"AIR FORCE RADAR MUSEUM",8403900474,OH
"AIR FORCE SPACE AND MISSILE MUSEUM",8401200879,FL
"AIR HERITAGE",8404201163,PA
"AIR MEDICAL MEMORIAL",8400800244,CO
"AIR MUSEUM OF MINNESOTA",8402700320,MN
"AIR MUSEUM OF WEST",8400602659,CA
"AIR POWER MUSEUM",8401900639,IA
"AIR RACE MUSEUM OF SHAFTER",8400600681,CA
"AIR RESCUE MUSEUM",8404800492,TX
"AIR SERVICES MUSEUM",8400800325,CO
"AIR TRANSPORT MUSEUM",8402500513,MA
"AIR VICTORY MUSEUM",8403400111,NJ
"AIR WAR AIR MUSEUM",8404801124,TX
"AIR ZOO",8409500236,MI
"AIRBORNE AND SPECIAL OPERATIONS MUSEUM",8403700607,NC
"AIRBORNE HISTORICAL ASSOCIATION",8401300442,GA
"AIRCRAFT AVIATION MUSEUM",8404100116,OR
"AIRCRAFT CARRIER HORNET FOUNDATION",8400602451,CA
"AIRCRAFT ENGINE HISTORICAL SOCIETY",8400100409,AL
"AIRENS COMPANY MUSEUM",8409401115,WI
"AIRLIE GARDENS",8409501914,NC
"AIRMEN MEMORIAL MUSEUM",8402400444,MD
"AIRPLANE FILLING STATION PRESERVATION ASSOCIATION",8404700143,TN
"AIRSPACE MINNESOTA",8402700671,MN
"AITKIN COUNTY HISTORICAL SOCIETY",8402700330,MN
"AJO HISTORICAL SOCIETY",8400400219,AZ
"AKIMA PLANETARIUM",8409500237,TN
"AKIN HALL ASSOCIATION",8403601230,NY
"AKRON AIRSHIP HISTORICAL CENTER",8403900202,OH
"AKRON ART MUSEUM",8403900898,OH
"AKRON CANTON AND YOUNGSTOWN RAILROAD HISTORICAL SOCIETY",8403901122,OH
"AKRON CIVIL WAR MEMORIAL SOCIETY",8403900725,OH
"AKRON FOSSILS & SCIENCE CENTER",8403900262,OH
"AKRON HISTORICAL SOCIETY",8401900145,IA
"AKTA LAKOTA MUSEUM",8404600046,SD
"AKUS GALLERY",8409502670,CT
"AKWESASNE CULTURAL CENTER",8403601342,NY
"AL'S AUTOBODY & ARBORETUM",8409501923,WI
"ALABAMA AGRICULTURAL MUSEUM",8409500238,AL
"ALABAMA ARCHAEOLOGICAL SOCIETY",8409501196,AL
"ALABAMA BENCH AND BAR HISTORICAL SOCIETY",8400100433,AL
"ALABAMA CATTLEMAN'S ASSOCIATION MUSEUM",8409501296,AL
"ALABAMA CENTER FOR AMERICAN HISTORY",8400100155,AL
"ALABAMA CENTER FOR TRADITIONAL CULTURE",8409501297,AL
"ALABAMA CENTER OF MILITARY HISTORY",8400100238,AL
"ALABAMA CITY HISTORICAL ASSOCIATION",8400100153,AL
"ALABAMA COMPANY JAMESTOWNE SOCIETY",8400100380,AL
"ALABAMA CONSTITUTION VILLAGE",8400100083,AL
"ALABAMA CONSTITUTION VILLAGE FOUNDATION",8400100381,AL
"ALABAMA DEPARTMENT OF ARCHIVES AND HISTORY",8400100428,AL
"ALABAMA FAN CLUB AND MUSEUM",8409501299,AL
"ALABAMA FOLK ART MUSEUM",8400100086,AL
"ALABAMA GOSPEL MUSIC CULTURAL ARTS CENTER",8400100144,AL
"ALABAMA GOVERNORS MANSION",8400100395,AL
"ALABAMA HISTORIC IRONWORKS COMMISSION",8400100253,AL
"ALABAMA HISTORICAL RADIO SOCIETY",8400100231,AL
"ALABAMA HUMANITIES FOUNDATION",8409501300,AL
"ALABAMA INDIAN AFFAIRS COMMISSION",8409501301,AL
"ALABAMA JAZZ HALL OF FAME",8400100298,AL
"ALABAMA JUDICIAL DEPARTMENT MUSEUM",8409501302,AL
"ALABAMA LABOR ARCHIVES AND HISTORY",8400100208,AL
"ALABAMA LIGHTHOUSE ASSOCIATION",8400100192,AL
"ALABAMA MENS HALL OF FAME",8400100371,AL
"ALABAMA MINING MUSEUM",8400100286,AL
"ALABAMA MUSEUM OF NATURAL HISTORY",8409501098,AL
"ALABAMA MUSEUM OF THE HEALTH SCIENCES",8409500239,AL
"ALABAMA MUSIC HALL OF FAME",8409501303,AL
"ALABAMA NATIONAL GUARD HISTORICAL SOCIETY",8400100222,AL
"ALABAMA NEGRO LEAGUE BASEBALL MUSEUM FOUNDATION",8400100113,AL
"ALABAMA RIVER REGION ARTS CENTER",8400100172,AL
"ALABAMA RURAL HERITAGE CENTER",8409501304,AL
"ALABAMA SPORTS HALL OF FAME",8400100120,AL
"ALABAMA TRAIL OF TEARS CORRIDOR ASSOCIATION",8400100393,AL
"ALABAMA TRUST FOR HISTORIC PRESERVATION",8400100308,AL
"ALABAMA VETERANS MUSEUM & ARCHIVES",8400100182,AL
"ALABAMA WILDLIFE CENTER",8400100279,AL
"ALABAMA WOMEN'S HALL OF FAME",8409501305,AL
"ALABAMA ZOOLOGICAL SOCIETY",8400100125,AL
"ALACHUA COUNTY HISTORIC TRUST MATHESON MUSEUM",8401200868,FL
"ALADDIN MUSEUM OF LIGHT",8404700204,TN
"ALAMANCE COUNTY HISTORICAL MUSEUM",8403700420,NC
"ALAMEDA ARCHITECTURAL PRESERVATION",8400601551,CA
"ALAMEDA COUNTY HISTORICAL SOCIETY",8400602556,CA
"ALAMEDA HISTORICAL SOCIETY",8400602285,CA
"ALAMEDA NAVAL AIR MUSEUM",8400600580,CA
"ALAMEDA PARK ZOO",8409500005,NM
"ALAMEDA THEATRE",8400601003,CA
"ALAMO MISSION MUSEUM OF FRANKLIN COUNTY",8404802015,TX
"ALAMO PUBLIC TELECOMMUNICATIONS COUNCIL",8404801160,TX
"ALAMOGOROD ZOO",8403500209,NM
ALAMOS,8404700192,TN
"ALAMOSA COUNTY CHAMBER OF COMMERCE",8400800195,CO
"ALANREED-MCLEAN AREA MUSEUM",8404800576,TX
"ALASKA AVIATION HERITAGE MUSEUM",8400200098,AK
"ALASKA BOTANICAL GARDEN",8400200117,AK
"ALASKA CHALLENGER CENTER FOR SPACE SCIENCE TECHNOLOGY",8400200153,AK
"ALASKA EDUCATORS HISTORICAL SOCIETY",8400200143,AK
"ALASKA HERITAGE MUSEUM",8400200027,AK
"ALASKA HISTORICAL MUSEUM",8400200096,AK
"ALASKA JEWISH MUSEUM",8400200078,AK
"ALASKA LIGHTHOUSE ASSOCIATION",8400200084,AK
"ALASKA MASONIC LIBRARY AND MUSEUM FOUNDATION",8400200107,AK
"ALASKA MINING HALL OF FAME FOUNDATION",8400200073,AK
"ALASKA NATIONAL GUARD HISTORICAL HOLDING-MUSEUM",8400200131,AK
"ALASKA NATIVE HERITAGE CENTER",8400200123,AK
"ALASKA SEALIFE CENTER",8409500006,AK
"ALASKA SPORTS HALL OF FAME",8400200082,AK
"ALASKA STATE MUSEUM",8400200044,AK
"ALASKA TERRITORIAL CAVALRY MOTORIZED",8400200133,AK
"ALASKA TROOPER MUSEUM",8400200026,AK
"ALASKA VETERANS MUSEUM",8400200031,AK
"ALASKA WILDLIFE CONSERVATION CENTER",8400200170,AK
"ALASKA ZOO",8400200087,AK
"ALASKALAND PIONEER AIR MUSEUM",8400200025,AK
"ALBANY CIVIL RIGHTS INSTITUTE",8401300550,GA
"ALBANY COUNTY HISTORICAL ASSOCIATION",8403601259,NY
"ALBANY HERITAGE SOCIETY",8402700280,MN
"ALBANY HISTORICAL SOCIETY",8402000153,KS
"ALBANY HISTORICAL SOCIETY ALBANY CA",8400600798,CA
"ALBANY INDIAN",8401700724,IL
"ALBANY INSTITUTE OF HISTORY AND ART",8403601052,NY
"ALBANY MUSEUM OF ART",8401300681,GA
"ALBANY PINE BUSH DISCOVERY CENTER",8403602428,NY
"ALBANY REGIONAL MUSEUM CORPORATION",8404100381,OR
"ALBANY TOWNSHIP HISTORICAL SOCIETY",8404200824,PA
"ALBEMARLE COUNTY HISTORICAL SOCIETY",8405100966,VA
"ALBEMARLE-STANLY HISTORIC PRESERVATION COMMISSION",8403700124,NC
"ALBERT & MARY RHOADES MUSEUM",8405500701,WI
"ALBERT CITY HISTORICAL ASSOCIATION",8401900206,IA
"ALBERT EINSTEIN HIGH SCHOOL ATHLETIC HALL OF FAME",8402400645,MD
"ALBERT EINSTEIN PLANETARIUM",8409500240,DC
"ALBERT J THOMAS LIBRARY MUSEUM",8402500184,MA
"ALBERT LEA STORY LADY DOLL & TOY MUSEUM",8402700527,MN
"ALBERT R. MANN LIBRARY",8409501306,NY
"ALBERT WHITTED AIRPORT PRESERVATION SOCIETY",8401201097,FL
"ALBERTA CABOOSE COMMITTEE",8405100482,VA
"ALBERTVILLE MUSEUM",8409501307,AL
"ALBIN O KUHN LIBRARY AND GALLERY",8409502672,MD
"ALBIN POLASEK MUSEUM AND SCULPTURE GARDENS",8401200239,FL
"ALBINGER ARCHAEOLOGICAL MUSEUM",8400600554,CA
"ALBION ACADEMY HISTORICAL SOCIETY",8405500757,WI
"ALBION HISTORICAL SOCIETY",8402300217,ME
"ALBION VALLEY HISTORICAL SOCIETY",8409501308,ID
"ALBRECHT-KEMPER MUSEUM OF ART",8409400025,MO
"ALBRIGHT CARE SERVICES",8404200498,PA
"ALBRIGHTï¿½KNOX ART GALLERY",8403602452,NY
"ALBUQUERQUE BIOLOGICAL PARK",8409500007,NM
"ALBUQUERQUE HISTORICAL SOCIETY",8403500288,NM
"ALBUQUERQUE MUSEUM FOUNDATION",8403500175,NM
"ALBUQUERQUE MUSEUM OF ART AND HISTORY",8403500280,NM
"ALBUQUERQUE SOCIETY OF HO MODULE ENGINEERS",8403500135,NM
"ALBUQUERQUE SPORTS HALL OF FAME",8403500180,NM
"ALBURGH HISTORICAL SOCIETY",8405000139,VT
"ALBURNETT CITY HALL",8401900118,IA
"ALBURNETT COMMUNITY HISTORICAL SOCIETY",8401900521,IA
"ALBURTIS-LOCKRIDGE HISTORICAL SOCIETY",8404200888,PA
"ALCATRAZ ISLAND",8409400026,CA
"ALCO HISTORICAL & TECHNICAL SOCIETY",8403602076,NY
"ALCONA HISTORICAL SOCIETY",8402600621,MI
"ALCOVE PRESERVATION ASSOCIATION",8403601196,NY
"ALDEN B. DOW MUSEUM OF SCIENCE & ART",8409500241,MI
"ALDEN DEPOT PARK AND MUSEUM",8402600213,MI
"ALDEN HOUSE MUSEUM",8402500209,MA
"ALDEN PLANETARIUM",8409500242,MA
"ALDIE HERITAGE ASSOCIATION",8405100789,VA
"ALDIE MILL",8405100191,VA
"ALDO LEOPOLD NATURE CENTER",8405500608,WI
"ALDRICH COAL MINE MUSEUM",8409501309,AL
"ALDRICH CONTEMPORARY ART MUSEUM",8400900341,CT
"ALDRICH HOUSE",8403100089,NE
"ALDRICH PUBLIC LIBRARY",8405000053,VT
"ALDRIDGE GARDENS",8400100388,AL
"ALDUS SOCIETY",8403901392,OH
"ALEX HALEY HOUSE MUSEUM",8404700125,TN
"ALEX HALEY MUSEUM ASSOCIATION",8404700405,TN
"ALEXANDAR CAMPELL MANSION",8409501310,WV
"ALEXANDER AND BALDWIN SUGAR MUSEUM",8401500127,HI
"ALEXANDER BREST MUSEUM AND GALLERY",8409502673,FL
"ALEXANDER COUNTY ANCESTORY",8403700631,NC
"ALEXANDER COUNTY OLD JAIL MUSEUM",8403700125,NC
"ALEXANDER CRAWFORD HISTORICAL",8402300080,ME
"ALEXANDER F. MORRISON PLANETARIUM",8409500243,CA
"ALEXANDER GALLERY",8409502674,OR
"ALEXANDER HALL GALLERY",8409502675,GA
"ALEXANDER HOUSE",8401600084,ID
"ALEXANDER RAMSEY HOUSE",8402700113,MN
"ALEXANDERS MAJ HIST FOUN",8402900726,MO
"ALEXANDRA BOTANIC GARDEN",8409501918,MA
"ALEXANDRIA ARCHAEOLOGY MUSEUM",8405100194,VA
"ALEXANDRIA BLACK HISTORY MUSEUM",8405100177,VA
"ALEXANDRIA HISTORICAL SOCIETY",8403300156,NH
"ALEXANDRIA MUSEUM OF ART",8402200225,LA
"ALEXANDRIA TOWNSHIP HISTORICAL SOCIETY",8403400341,NJ
"ALEXANDRIA ZOOLOGICAL PARK",8409500008,LA
"ALEXIS MUSEUM",8401700803,IL
"ALF ENGEN SKI MUSEUM",8404900198,UT
"ALFALFA COUNTY MUSEUM",8404000103,OK
"ALFRED B. MACLAY STATE GARDENS",8401200241,FL
"ALFRED HATCH PLACE AT ARCOLA",8409501248,AL
"ALFRED SHAKER MUSEUM",8402300267,ME
"ALFRED TWENTY FIRST CENTRY GROUP",8403601871,NY
"ALGER COUNTY HISTORICAL SOCIETY",8402600321,MI
"ALGER-SULLIVAN HISTORICAL SOCIETY",8401200871,FL
"ALGIERS HISTORICAL SOCIETY",8402200383,LA
"ALGOMA TOWNSHIP HISTORICAL SOCIETY",8402600736,MI
"ALGONAC CLAY HISTORICAL MUSEUM",8402600198,MI
"ALGONAC-CLAY TOWNSHIP HISTORICAL SOCIETY",8402600761,MI
"ALGONQIAN INDANS N CROLINE",8403700171,NC
"ALGUR MEADOWS MUSEUM",8402200119,LA
"ALHAMBRA HISTORICAL SOCIETY",8400601230,CA
"ALHAMBRA PRESERVATION GROUP",8400602071,CA
"ALIA ARRAM CHILDREN'S MUSEUM",8409400807,NE
"ALICE ABEL ARBORETUM",8409501920,NE
"ALICE AND LEONARD DREYFUSS PLANETARIUM",8409500244,NJ
"ALICE AUSTEN HOUSE",8403600840,NY
"ALICE AUSTEN HOUSE MUSEUM",8403600389,NY
"ALICE MOSELEY FOLK ART AND ANTIQUE MUSEUM",8402800110,MS
"ALICE T MINER MUSEUM",8403600406,NY
"ALICE'S TEA ROOM AND MINIATURES",8402900118,MO
"ALICEVILLE HISTORICAL PRESERVATION COMMISSION",8400100275,AL
"ALICEVILLE MUSEUM",8400100346,AL
"ALJIRA: A CENTER FOR CONTENMPORARY ART",8403400314,NJ
"ALL AMERICAN STRATEGIC RESPONSE FORCE",8403700196,NC
"ALL VETERANS MUSEUM COMPLEX",8402000129,KS
"ALLAGASH HISTORICAL SOCIETY",8402300132,ME
"ALLAIRE VILLAGE",8403400189,NJ
"ALLAMAKEE CO HISTORICAL SOCIETY",8401900376,IA
"ALLAMUCHY HISTORICAL SOCIETY",8403400616,NJ
"ALLAN SHIVERS LIBRARY AND MEMORIAL MUSEUM",8404801435,TX
"ALLEGAN COUNTY HISTORICAL SOCIETY",8402600520,MI
"ALLEGANY COUNTY HISTORICAL SOCIETY",8402400609,MD
"ALLEGANY MUSEUM",8402400392,MD
"ALLEGANY STATE PARK HISTORICAL SOCIETY",8403601509,NY
"ALLEGHANY HIGHLANDS ARTS CENTER",8405100659,VA
"ALLEGHANY HISTORICAL GENEALOGICAL SOCIETY",8403700512,NC
"ALLEGHANY HISTORICAL SOCIETY",8405100664,VA
"ALLEGHENY ARMS AND ARMOR MUSEUM",8404201266,PA
"ALLEGHENY CEMETERY HISTORICAL ASSOCIATION",8404201146,PA
"ALLEGHENY FOOTHILLS HISTORICAL SOCIETY",8404201517,PA
"ALLEGHENY HISTORIC PRESERVATION SOCIETY",8404201198,PA
"ALLEGHENY KISKI VALLEY HISTORICAL SOCIETY",8404200988,PA
"ALLEGHENY MUSARIUM",8404200335,PA
"ALLEGHENY PORTAGE RAILROAD NATIONAL HISTORIC SITE",8404201724,PA
"ALLEGHENY TOWNSHIP HISTORICAL SOCIETY",8404201527,PA
"ALLEGRA FARM HORSE & CARRIAGE",8400900486,CT
"ALLEN AREA HISTORICAL SOCIETY",8402600716,MI
"ALLEN COUNTY COURTHOUSE PRESERVATION TRUST",8401800512,IN
"ALLEN COUNTY HISTORICAL SOCIETY",8402000260,KS
"ALLEN COUNTY HITORICAL & GENEALOGY SOCIETY",8402100410,KY
"ALLEN COUNTY JAIL",8402000114,KS
"ALLEN COUNTY-FORT WAYNE HISTORICAL SOCIETY",8401800130,IN
"ALLEN E ROBERTS MASONIC LIBRARY",8405100776,VA
"ALLEN HERITAGE GUILD",8404801698,TX
"ALLEN HISTORICAL SOCIETY",8402400522,MD
"ALLEN HOUSE HISTORICAL HOME",8402600197,MI
"ALLEN KNIGHT MARITIME MUSEUM",8400600572,CA
"ALLEN LAMBE HOUSE FOUNDATION",8402000307,KS
"ALLEN MEMORIAL ART MUSEUM",8409502676,OH
"ALLEN PRIEBE GALLERY",8409502677,WI
"ALLEN R. HITE ART INSTITUTE",8409502678,KY
"ALLEN-MADISON HOUSE",8404400114,RI
"ALLENDALE HISTORICAL SOCIETY",8402600617,MI
"ALLENSTOWN N H HISTORICAL SOCIETY",8403300270,NH
"ALLENTOWN ART MUSEUM",8404200480,PA
"ALLENTOWN PRESERVATION LEAGUE",8404200763,PA
"ALLERTON PARK AND RETREAT CENTER",8401700262,IL
"ALLEY POND ENVIRONMENTAL CENTER",8403600434,NY
"ALLIANCE AREA PRESERVATION SOCIETY",8403901108,OH
"ALLIANCE FOR HISTORICAL PRESERVATION",8400800190,CO
"ALLIANCE HISTORICAL SOCIETY",8403901240,OH
"ALLIED GARDENS PARK & RECREATION COUNCIL",8400601274,CA
"ALLISON GALLERY",8409502679,TX
"ALLISON-ANTRIM MUSEUM",8404201304,PA
"ALLMAN BROTHERS BAND MUSEUM",8401300130,GA
"ALLYN MUSEUM OF ENTOMOLOGY",8409500245,FL
"ALMA HISTORICAL SOCIETY",8405500424,WI
"ALMANZO AND LAURA INGALLS WILDER ASSOCIATION",8403601128,NY
"ALMIRA HISTORICAL SOCIETY",8402600782,MI
"ALMOND HISTORICAL SOCIETY",8403601627,NY
"ALMONT COMMUNITY HISTORICAL SOCIETY",8402600666,MI
"ALMONT HISTORICAL SOCIETY",8403800175,ND
"ALNWICK GARDEN",8401100184,DC
"ALOHA HISTORICAL SOCIETY",8402600851,MI
"ALOHA SHIRT MUSEUM",8401500027,HI
"ALPHA HISTORICAL MUSEUM",8402600403,MI
"ALPHA PI ALLIANCE FOR THE PRESERVATION OF HISTORIC PLACES",8405500556,WI
"ALPHARETTA ARBORETUM",8401300229,GA
"ALPHARETTA HISTORICAL SOCIETY",8401300558,GA
"ALPINE ART CENTER",8404900072,UT
"ALPINE COUNTY MUSEUM",8400602239,CA
"ALPINE HERITAGE PRESERVATION",8405400155,WV
"ALPINE HILLS HISTORICAL MUSEUM",8403900926,OH
"ALPINE HISTORICAL AND CONSERVATION SOCIETY",8400600966,CA
"ALPINE HISTORICAL SOCIETY",8400200109,AK
"ALPINE HISTORICAL SOCIETY MUSESUM",8400600590,CA
"ALPINE OPTIMIST GRANVILLE MUSEUM",8400601354,CA
"ALPINES GALLERY NIGHT",8404800485,TX
"ALSEA BAY BRIDGE INTERPRETIVE CENTER",8404100443,OR
"ALSI HISTORICAL AND GENEOLOGY SOCIETY",8404100382,OR
"ALSTEAD HISTORICAL SOCIETY",8403300210,NH
"ALTA DISTRICT HISTORIAL SOCIETY",8400602334,CA
"ALTA DISTRICT MUSEUM",8400600591,CA
"ALTA SCHMIDT HOUSE MUSEUM",8400600545,CA
"ALTADENA HERITAGE",8400602786,CA
"ALTADENA HISTORICAL SOCIETY",8400600938,CA
"ALTAMA MUSEUM OF ART & HISTORY",8401300427,GA
"ALTAMAHA HERITAGE CENTER",8401300303,GA
"ALTAMONT LIVING MUSEUM",8401701137,IL
"ALTAMONT SCHOOL",8400100244,AL
"ALTAMONTE SPRINGS HISTORICAL SOCIETY",8401200770,FL
"ALTAR OF THE NEW TESTAMENT AND FOUNDERS HALL",8409501249,AL
"ALTERNATIVE MUSEUM",8403600392,NY
"ALTO HERALD MUSEUM",8404800857,TX
"ALTO MODEL TRAIN MUSEUM ASSOCIATION",8404201358,PA
"ALTON AREA HISTORICAL SOCIETY",8401701210,IL
"ALTON HISTORICAL SOCIETY",8403300258,NH
"ALTON MUSEUM OF HISTORY & ART",8401700380,IL
"ALTOONA AREA HISTORICAL SOCIETY",8401900139,IA
"ALTOONA HISTORICAL SOCIETY",8405500294,WI
"ALTUS HISTORICAL SOCIETY",8400500237,AR
"ALUMNI ART GALLERY",8409502680,UT
"ALUMNI GALLERY",8409502681,CO
"ALUMNI MUSEUM SPRING GROVE HOSPITAL CENTER",8402400270,MD
"ALUMNI SOCIETY OF THE SCHOOL OF VISUAL ARTS",8403601961,NY
"ALUTIIQ HERITAGE ENDOWMENT",8400200152,AK
"ALUTIIQ HERITAGE FOUNDATION",8400200135,AK
"ALVARADO PARK",8400600577,CA
"ALVERTA GREEN MUSEUM",8403900195,OH
"ALVIN MUSEUM SOCIETY",8404801063,TX
"ALWUN HOUSE FOUNDATION",8400400358,AZ
"ALYCE DE ROULET WILLIAMSON GALLERY",8409502682,CA
"AMADOR COUNTY HISTORICAL SOCIETY & MUSEUM",8400602393,CA
"AMADOR LIVERMORE VALLEY HISTORICAL",8400602528,CA
"AMADOR SAWMILL AND MINING ASSOCIATION",8400602105,CA
"AMADOR WHITNEY MUSEUM",8400600564,CA
"AMAGANSETT HISTORICAL ASSOCIATION",8403600719,NY
"AMANA HERITAGE SOCIETY",8401900121,IA
AMARANTHINE,8401201280,FL
"AMARANTHINE MUSEUM",8402400557,MD
"AMARILLO BOTANICAL GARDENS",8404801420,TX
"AMARILLO COLLEGE NATURAL HISTORY MUSEUM",8409501099,TX
"AMARILLO HISTORICAL MUSEUM",8409400029,TX
"AMARILLO MUSEUM OF ART",8404800551,TX
"AMARILLO RAILROAD MUSEUM",8404801610,TX
"AMARILLO ZOOLOGICAL SOCIETY",8404801991,TX
"AMATEUR ATHLETIC WORLD HALL OF FAME MUSEUM",8403500278,NM
AMAZEUM,8409500247,AR
"AMAZING WORLD OF DR SUESS MUSEUM",8409400030,MA
"AMBASSADORS OF ST PETER ACTORS",8400601150,CA
"AMBERG HISTORICAL SOCIETY",8405500267,WI
"AMBERS ORIGINALS AND PRINTS",8405100205,VA
"AMBERSON VALLEY HISTORICAL SOCIETY",8404200363,PA
"AMBLER FARM",8400900373,CT
"AMBLER THEATER",8404200902,PA
"AMBOY DEPOT MUSEUM",8401700931,IL
"AMC MUSEUM FOUNDATION",8401000110,DE
"AMCA ASSOCIATION FOR MODERN AND CONTEMPORARY ART",8404800660,TX
"AME CHURCH MUSEUM",8401800126,IN
"AMEEN ART GALLERY",8409502683,LA
"AMELIA AREA HISTORICAL SOCIETY",8403900804,OH
"AMELIA COUNTY HISTORICAL SOCIETY",8405100627,VA
"AMELIA EARHART BIRTHPLACE MUSEUM",8402000108,KS
"AMELIA ISLAND GENEALOGICAL SOCIETY",8401200924,FL
"AMELIA ISLAND MUSEUM OF HISTORY",8401200731,FL
"AMELIA LIGHTHOUSE & MUSEUM",8409400031,FL
"AMELIA PARK CHILDREN'S MUSEUM",8402500497,MA
"AMELIE A. WALLACE GALLERY",8409502684,NY
"AMENIA HISTORICAL SOCIETY",8403601089,NY
"AMERICA 76 HOSE COMPANY",8404801079,TX
"AMERICA ON WHEELS",8404200745,PA
"AMERICA'S CREDIT UNION MUSEUM",8409400045,NH
"AMERICA'S ICE CREAM & DAIRY MUSEUM",8409400046,OH
"AMERICAN ACADEMY OF ARTS AND LETTERS",8403600740,NY
"AMERICAN ADVERTISING MUSEUM",8404100025,OR
"AMERICAN AIR COMBAT MUSEUM",8404700486,TN
"AMERICAN AIR POWER MUSEUM",8403600411,NY
"AMERICAN AIRMAIL SOCIETY",8403602018,NY
"AMERICAN AIRPOWER HERITAGE FLYING MUSEUM",8404801178,TX
"AMERICAN AIRPOWER MUSEUM",8403600410,NY
"AMERICAN ANTIQUARIAN SOCIETY",8402500255,MA
"AMERICAN ARMED FORCES MUSEUM",8403500253,NM
"AMERICAN ARMOURED FOUNDATION TANK MUSEUM",8405100174,VA
"AMERICAN AVIATION HISTORICAL SOCIETY",8400602626,CA
"AMERICAN AVIATION HISTORICAL SOCIETY PHOENIX WING",8400400214,AZ
"AMERICAN BANJO MUSEUM",8404000476,OK
"AMERICAN BAR ASSOCIATION MUSEUM OF LAW",8401700847,IL
"AMERICAN BARBECUE HALL OF FAME AND MUSEUM",8402900267,MO
"AMERICAN BASEBALL CARD MUSEUM",8400601529,CA
"AMERICAN BASEBALL WAX",8403600391,NY
"AMERICAN BICYCLE AND CYCLING MUSEUM",8400601827,CA
"AMERICAN BOOKBINDERS MUSEUM",8400601022,CA
"AMERICAN CAMELLIA SOCIETY & MASSEE LANE GARDENS",8401300371,GA
"AMERICAN CATHOLIC HISTORICAL SOCIETY",8404200934,PA
"AMERICAN CAVE MUSEUM AND HIDDEN RIVER CAVE",8402100083,KY
"AMERICAN CENTER OF POLISH CULTURE",8409400033,DC
"AMERICAN CIVIL WAR CENTER AT HISTORIC TREDEGAR",8409400034,VA
"AMERICAN CIVIL WAR MUSEUM",8404200255,PA
"AMERICAN CIVIL WAR MUSEUM OF OHIO",8403900287,OH
"AMERICAN CIVILIZATION FOUNDATION",8404400103,RI
"AMERICAN CLASSIC ARCADE MUSEUM",8403300218,NH
"AMERICAN CLASSICAL MUSIC HALL OF FAME AND MUSEUM",8403900718,OH
"AMERICAN CLOCK & WATCH MUSEUM",8400900297,CT
"AMERICAN COLLECTIBLES MUSEUM",8401701348,IL
"AMERICAN COMPUTER & ROBOTICS MUSEUM",8403000217,MT
"AMERICAN COWBOY MUSEUM",8404800388,TX
"AMERICAN CRAFT MUSEUM",8403600422,NY
"AMERICAN CRAFTSMAN MUSEUM",8409400036,FL
"AMERICAN CURLING FOUNDATION AND MUSEUM",8405300277,WA
"AMERICAN CUT GLASS ASSOCIATION",8402900751,MO
"AMERICAN DIME MUSEUM",8402400152,MD
"AMERICAN DINER MUSEUM",8404400092,RI
"AMERICAN DREAM CAREER MUSEUM COMPANY",8404200786,PA
"AMERICAN EAGLE MUSEUM",8402700729,MN
"AMERICAN FALL THEATRE GUILD",8401600033,ID
"AMERICAN FARM HERITAGE NFP",8401701349,IL
"AMERICAN FILM INSTITUTE",8400601593,CA
"AMERICAN FLAG HOUSE AND BETSY ROSS MEMORIAL",8404200659,PA
"AMERICAN FLIGHT MUSEUM",8402000548,KS
"AMERICAN FLUORITE MUSEUM",8409400037,IL
"AMERICAN FOLK ART MUSEUM",8403600773,NY
"AMERICAN FOLK ART MUSEUM AND GALLERY",8401200253,FL
"AMERICAN FURNITURE HALL",8403700438,NC
"AMERICAN GEOGRAPHICAL SOCIETY",8403600416,NY
"AMERICAN GOTHIC HOUSE CENTER",8401900111,IA
"AMERICAN HAND FIRE ENGINE SOCIETY",8402500545,MA
"AMERICAN HELICOPTER MUSEUM & EDUCATION CENTER",8404200737,PA
"AMERICAN HERALDRY SOCIETY",8404800429,TX
"AMERICAN HERITAGE CENTER",8409501311,WY
"AMERICAN HERITAGE COLLECTORS CLUB",8401701134,IL
"AMERICAN HERITAGE MUSEUM",8403901288,OH
"AMERICAN HEROES MUSEUM",8400400091,AZ
"AMERICAN HEROES MUSEUM AT DESERT LAWN CEMETERY",8400400152,AZ
"AMERICAN HISTORICAL PRINT COLLECTORS SOCIETY",8403600486,NY
"AMERICAN HISTORY WORKSHOP NY",8403600661,NY
"AMERICAN HOP MUSEUM",8405300512,WA
"AMERICAN HUEY 369",8401800179,IN
"AMERICAN HUNGARIAN LIBRARY AND HISTORICAL SOCIETY",8403600766,NY
"AMERICAN INDEPENDENCE CENTER",8403300320,NH
"AMERICAN INDIAN ART MUSEUM",8404600090,SD
"AMERICAN INDIAN CULTURAL CENTER",8402400374,MD
"AMERICAN INDIAN CULTURE RESEARCH CENTER",8404600045,SD
"AMERICAN INDIAN GENOCIDE MUSEUM",8404802007,TX
"AMERICAN INDIAN HERITAGE MUSEUM",8402100420,KY
"AMERICAN INDIAN MUSEUM",8400100376,AL
"AMERICAN INDIAN MUSEUM & CULTURE CENTER",8400600907,CA
"AMERICAN INDIAN MUSEUM OF PLANTS AND HEALING",8404800923,TX
"AMERICAN INSTITUTE OF PAKISTAN STUDIES",8405500836,WI
"AMERICAN INSTITUTE-ARCHITECTS",8404700114,TN
"AMERICAN IRISH HISTORICAL SOCIETY",8403600754,NY
"AMERICAN ITALIAN HERITAGE MUSEUM",8403602136,NY
"AMERICAN JAZZ MUSEUM",8402900758,MO
"AMERICAN JEWISH HISTORICAL SOCIETY",8409501197,MA
"AMERICAN KENNEL CLUB MUSEUM OF THE DOG",8402900443,MO
"AMERICAN KICKBALL HALL OF FAME",8404802021,TX
"AMERICAN LEGION AUXILIARY",8405500841,WI
"AMERICAN LEGION POST 0556 FIRST DIVISION MUSEUM",8401701199,IL
"AMERICAN MAPLE MUSEUM",8403601366,NY
"AMERICAN MARITIME HISTORY PROJECT",8403600654,NY
"AMERICAN MERCHANT MARINE MUSEUM",8403600424,NY
"AMERICAN MERCHANT MARINE MUSEUM FOUNDATION",8403600558,NY
"AMERICAN MILITARY EDGED WEAPONRY MUSEUM",8404200272,PA
"AMERICAN MILITARY FORCES MUSEUM",8403901170,OH
"AMERICAN MILITARY HERITAGE PRESERVATION SOCIETY",8404100196,OR
"AMERICAN MILITARY MEDICAL IMPRESSION",8402400530,MD
"AMERICAN MILITARY MUSEUM",8404500081,SC
"AMERICAN MILITARY MUSEUM AND HERITAGE CENTER",8403901296,OH
"AMERICAN MONEY AND GOLD RUSH MUSEUM",8400601466,CA
"AMERICAN MOTORCYCLE HERITAGE FOUNDATION",8403900589,OH
"AMERICAN MOVIE PALACE MUSEUM",8409400039,IL
"AMERICAN MULE MUSEUM AND INSTITUTE",8400601005,CA
"AMERICAN MURAL PROJECT",8400900471,CT
"AMERICAN MUSEUM AND LIBRARY OF MUSIC",8403700852,NC
"AMERICAN MUSEUM FOR HISTORIC PRESERVATION AND EDUCATION",8404500115,SC
"AMERICAN MUSEUM OF ASMAT ART",8409502685,MN
"AMERICAN MUSEUM OF AVIATION",8400900487,CT
"AMERICAN MUSEUM OF BEAT ART",8400602865,CA
"AMERICAN MUSEUM OF CERAMIC ART",8400601425,CA
"AMERICAN MUSEUM OF EARTHS BIBLICAL HISTORY AND RESEARCH INSTITUTE",8403400117,NJ
"AMERICAN MUSEUM OF FINANCIAL HISTORY",8403600436,NY
"AMERICAN MUSEUM OF FLY FISHING",8405000067,VT
"AMERICAN MUSEUM OF HISTORY PALIS INSTITUTE",8402600389,MI
"AMERICAN MUSEUM OF INDUSTRY & TECHNOLOGY",8400900491,CT
"AMERICAN MUSEUM OF MAGIC & LUND LIBRARY",8402600853,MI
"AMERICAN MUSEUM OF MILITARY VEHICLES",8401800501,IN
"AMERICAN MUSEUM OF MODERN",8400900232,CT
"AMERICAN MUSEUM OF NATURAL",8403600415,NY
"AMERICAN MUSEUM OF NATURAL HISTORY",8403601031,NY
"AMERICAN MUSEUM OF NATURAL HISTORY - PLANETARIUM",8403600749,NY
"AMERICAN MUSEUM OF NURSING",8409501313,AZ
"AMERICAN MUSEUM OF PEACE",8401100127,DC
"AMERICAN MUSEUM OF QUILTS",8400600593,CA
"AMERICAN MUSEUM OF RADIO AND ELECTRICITY",8405300576,WA
"AMERICAN MUSEUM OF SCIENCE & ENERGY",8409500249,TN
"AMERICAN MUSEUM OF SCIENCE AND ENERGY",8404700476,TN
"AMERICAN MUSEUM OF SLAVERY",8403700890,NC
"AMERICAN MUSEUM OF STRAW ART",8400600620,CA
"AMERICAN MUSEUM OF TELEPHONY",8400602142,CA
"AMERICAN MUSEUM OF THE MINIATURE ARTS",8404801521,TX
"AMERICAN MUSEUM OF THE MOVING IMAGE",8403600582,NY
"AMERICAN MUSEUM OF VAUDEVILLE",8403500080,NM
"AMERICAN MUSEUM OF VETERINARY MEDICINE",8404200806,PA
"AMERICAN MUSEUM OF WESTERN ART",8400800257,CO
"AMERICAN MUSEUM OF WILDLIFE ART",8402700389,MN
"AMERICAN MUSEUM TORT LAW",8400900270,CT
"AMERICAN MUSEUM-VETRY MEDICINE",8404200274,PA
"AMERICAN MUSIC MUSEUM",8400500053,AR
"AMERICAN NATIONAL FISH AND WILDLIFE MUSEUM",8402900569,MO
"AMERICAN NUMISMATIC ASSOCATION MONEY MUSEUM",8409401124,CO
"AMERICAN OVERSEAS SCHOOLS HISTORICAL SOCIETY",8402000537,KS
"AMERICAN PHILOSOPHICAL SOCIETY",8404200449,PA
"AMERICAN PIGEON MUSEUM & LIBRARY",8404000108,OK
"AMERICAN PIPE ORGAN MUSEUM",8401201282,FL
"AMERICAN POETRY MUSEUM",8401100084,DC
"AMERICAN POLICE CENTER & MUSEUM",8401700582,IL
"AMERICAN POLICE CENTER MUSEUM",8401700265,IL
"AMERICAN POLICE MOTORCYCLE MUSEUM",8403300079,NH
"AMERICAN POULTRY HISTORICAL SOCIETY",8405500335,WI
"AMERICAN PRECISION MUSEUM ASSOCIATION",8405000066,VT
"AMERICAN PRESDENTIAL MUSEUM",8402900293,MO
"AMERICAN PRINTING HOUSE",8402100084,KY
"AMERICAN QUARTER HORSE HALL OF FAME AND MUSEUM",8404800355,TX
"AMERICAN RADIO RELAY LEAGUE",8409400041,CT
"AMERICAN RED CROSS MUSEUM",8401100060,DC
"AMERICAN RIVER NATURAL HISTORY ASSOCIATION-EFFIE YEAW NATURE CENTER",8400602962,CA
"AMERICAN ROAD HORSE NATURAL MUSEUM",8402100178,KY
"AMERICAN ROYAL MUSEUM & VISITORS CENTER",8409400042,MO
"AMERICAN SADDLE HORSE MUSEUM",8402100446,KY
"AMERICAN SADDLEBRED HORSE MUSEUM",8409400043,MO
"AMERICAN SCHOOL FOR THE DEAF MUSEUM & ARCHIVES",8409400044,CT
"AMERICAN SHEEP HERITAGE MUSEUM",8405600174,WY
"AMERICAN SIGN MUSEUM",8403900774,OH
"AMERICAN SILVER MUSEUM",8400900200,CT
"AMERICAN SOCIETY FOR EIGHTEENTH CENTURY STUDIES",8403700240,NC
"AMERICAN SOCIETY FOR LEGAL HISTORY",8402500881,MA
"AMERICAN SOCIETY FOR THE HISTORY OF RHETORIC",8401300296,GA
"AMERICAN SOCIETY OF CHURCH HISTORY",8400600841,CA
"AMERICAN SOCIETY OF MILITARY HISTORY",8400602915,CA
"AMERICAN SOCIETY OF MILITARY HISTORY AND MUSEUM",8400600570,CA
"AMERICAN SOCIETY OF QUESTIONED DOCUMENT EXAMINERS",8400600890,CA
"AMERICAN SOUTHWESTERN RAILWAY ASSOCIATION",8400602744,CA
"AMERICAN SPORT ART MUSEUM AND ARCHIVES",8409501314,AL
"AMERICAN STEAM RAILROAD PRESERVATION ASSOCIATION",8403900278,OH
"AMERICAN STUDIES CENTER",8405100515,VA
"AMERICAN SWEDISH HISTORICAL MUSEUM",8404200267,PA
"AMERICAN SWEDISH INSTITUTE",8402700299,MN
"AMERICAN TALL SHIP INSTITUTE",8400600832,CA
"AMERICAN TAPESTRY ALLIANCE",8405500831,WI
"AMERICAN TEXTILE HISTORY MUSEUM",8402500307,MA
"AMERICAN TOBY JUG MUSEUM",8401700457,IL
"AMERICAN TOY MARBLE MUSEUM",8403901102,OH
"AMERICAN TRADING CARD MUSEUM",8402200163,LA
"AMERICAN TROPHY TAXIDERMY",8400200024,AK
"AMERICAN TRUCK HISTORICAL SOCIETY",8402900185,MO
"AMERICAN UNIVERSITY MUSEUM",8409501315,DC
"AMERICAN UNIVERSITY'S ARBORETUM & GARDEN",8409501928,DC
"AMERICAN VETERANS HERITAGE CENTER",8403900817,OH
"AMERICAN VETERANS HISTORICAL MUSEUM",8403600915,NY
"AMERICAN VETERANS MEMORIAL MUSEUM",8400800698,CO
"AMERICAN VILLAGE",8400100082,AL
"AMERICAN VISIONARY ART MUSEUM",8402400118,MD
"AMERICAN WATCHMAKERS-CLOCKMAKERS INSTITUTE",8403900344,OH
"AMERICAN WEST HERITAGE FOUNDATION",8404900210,UT
"AMERICAN WIND POWER CENTER",8404800361,TX
"AMERICAN WINGS AIR MUSEUM",8402700467,MN
"AMERICAN WOMEN WRITERS NATIONAL MUSEUM",8404800739,TX
"AMERICAN WOMENS HERITAGE SOCIETY",8404200424,PA
"AMERICAN WRITERS MUSEUM",8401100106,DC
"AMERICAN YOUTH HOSTELS",8400600584,CA
"AMERICAN ZIONIST HISTORICAL SOCIETY",8402400173,MD
"AMERICAN-ITALIAN RENAISSANCE FOUNDATION",8402200243,LA
"AMERICANA HOLLYWOOD",8401700251,IL
"AMERICANLIGHTHOUSE FOUNDATION",8402300073,ME
"AMERICANS FOR BATTLEFIELD PRESERVATION",8401100073,DC
"AMERICAS BLACK HOLOCAUST MUSEUM",8405500867,WI
"AMERICAS CHILDREN'S MUSEUM ON WHEELS - STORYBUS",8401700499,IL
"AMERICAS HISTORY MUSEUM OF GODFREY",8401700831,IL
"AMERICAS PEOPLE HALL OF FAME",8403901417,OH
"AMERIND FOUNDATION",8400400271,AZ
"AMERY HISTORICAL SOCIETY",8405500703,WI
"AMES ASTROBLEME MUSEUM",8401900384,IA
"AMES FLORIDA STORK HOUSE",8402700112,MN
"AMES SOCIETY",8401300732,GA
"AMESBURY CARRIAGE MUSUEM",8402500435,MA
"AMESBURY HAT MUSEUM",8402500599,MA
"AMHERST CENTER FOR RUSSIAN CULTURE",8409501198,MA
"AMHERST COUNTY HISTORICAL MUSEUM",8405100626,VA
"AMHERST GALLERY",8409502686,NH
"AMHERST HISTORICAL SOCIETY",8402500616,MA
"AMHERST HISTORY MUSEUM AT THE STRONG HOUSE",8402500190,MA
"AMHERST MUSEUM",8403601487,NY
"AMHERST MUSEUM FOUNDATION",8403601394,NY
"AMHERST RAILWAY SOCIETY",8402500413,MA
"AMIGOS DEL MUSEO DEL BARRIO",8403601949,NY
"AMIGOS OF GOLIAD STATE HISTORICAL PARK",8404801340,TX
"AMISH & MENNONITE HERITAGE CENTER",8403900997,OH
"AMISH INTERPRETIVE CENTER",8401700249,IL
"AMISTAD COMMITTEE",8400900406,CT
"AMISTAD NATIONAL RECREATION AREA",8404802071,TX
"AMISTAD RESEARCH CENTER",8402200226,LA
"AMITE CITY MUSEUM",8402200373,LA
"AMITE COUNTY HISTORICAL AND GENEALOGICAL SOCIETY",8402800271,MS
"AMITY & WOODBRIDGE HISTORICAL SOCIETY",8400900328,CT
"AMITY HERITAGE SOCIETY",8404201326,PA
"AMITYVILLE HISTORICAL SOCIETY",8403601946,NY
"AMON CARTER MUSEUM OF WESTERN ART",8404801424,TX
"AMORY REGIONAL MUSEUM",8402800104,MS
"AMOS PATTERSON MUSEUM",8403601894,NY
"AMOSKEAG FISHWAYS LEARNING & VISITORS CENTER",8403300410,NH
"AMPHIBIOUS FORCES MEMORIAL MUSEUM",8404100280,OR
"AMPHIBIOUS SHIPS MUSEUM",8403100293,NE
"AMSTERDAM SCHOOL",8401900109,IA
"AMUSE'UM COLUMBIA CHILDREN'S CENTER",8404700194,TN
"AMY B. H. GREENWELL ETHNOBOTANICAL GARDEN",8409501929,HI
"AMY GRAVES RYAN FINE ARTS GALLERY",8409502687,TX
"AMY GREENWELL ETHNOBOTANICAL GARDEN",8401500029,HI
"AMY H. CARBERRY FINE ARTS GALLERY",8409502688,MA
"AMY L HENDRICKSON JOSEPHINE COUNTY HISTORICAL SOCIETY FUND",8409400047,WA
"ANABAPTIST HERITAGE CENTER OF LANCASTER COUNTY",8404201675,PA
"ANACONDA RAILROAD AND MINING MUSEUM",8403000078,MT
"ANACORTES MUSEUM",8405300137,WA
"ANACOSTIA COMMUNITY MUSEUM",8401100063,DC
"ANADARKO BASIN MUSEUM OF NATURAL HISTORY",8404000348,OK
"ANADARKO HERITAGE MUSEUM",8404000313,OK
"ANAHEIM HISTORICAL SOCIETY",8400602667,CA
"ANAHEIM MUSEUM",8400601176,CA
"ANAMOSA HISTORICAL SOCIETY",8401900418,IA
"ANAMOSA STATE PENITENTIARY ASSOCIATION",8401900586,IA
"ANASAZI HERITAGE CENTER & HISTORICAL SOCIETY",8400800140,CO
"ANASAZI HISTORICAL SOCIETY",8400800346,CO
"ANASAZI STATE PARK",8404900069,UT
"ANCAM ANTIQUE AIRFIELD MUSEUM",8401900573,IA
"ANCESTRAL TRAILS HISTORICAL SOCIETY",8402100182,KY
"ANCHORAGE CLAY ARTS GUILD",8400200137,AK
"ANCHORAGE GENEALOGICAL SOCIETY",8400200132,AK
"ANCHORAGE HISTORIC PROPERTIES",8400200121,AK
"ANCHORAGE MUSEUM",8400200125,AK
"ANCIENT AFRICA ENSLAVEMENT AND CIVIL WAR MUSEUM",8400100199,AL
"ANCIENT AND HONORABLE ARTILLERY",8402500211,MA
